"""mov_galaxy_ID""","""imdbID""","""title""","""rating"""
"""001""","""0147800""","""10 Things I Hate About You""","""7.2"""
"""003""","""0417385""","""12 and Holding""","""7.6"""
"""005""","""1542344""","""127 Hours""","""7.6"""
"""006""","""0103594""","""1492: Conquest of Paradise""","""6.5"""
"""007""","""0179626""","""15 Minutes""","""6.1"""
"""008""","""0974661""","""17 Again""","""6.4"""
"""009""","""0118531""","""One Eight Seven""","""6.7"""
"""010""","""0062622""","""2001: A Space Odyssey""","""8.3"""
"""011""","""1190080""","""2012""","""5.8"""
"""013""","""0914837""","""44 Inch Chest""","""5.8"""
"""014""","""0083511""","""48 Hrs.""","""6.9"""
"""015""","""1022603""","""(500) Days of Summer""","""7.7"""
"""017""","""0134273""","""8MM""","""6.5"""
"""019""","""0104257""","""A Few Good Men""","""7.6"""
"""021""","""0094602""","""Above the Law""","""5.9"""
"""022""","""0118548""","""Absolute Power""","""6.7"""
"""023""","""0096754""","""The Abyss""","""7.6"""
"""024""","""0109040""","""Ace Ventura: Pet Detective""","""6.9"""
"""025""","""0268126""","""Adaptation.""","""7.7"""
"""026""","""0101272""","""The Addams Family""","""6.8"""
"""027""","""0086856""","""The Adventures of Buckaroo Banzai Across the 8th Dimension""","""6.4"""
"""028""","""0118564""","""Affliction""","""7.0"""
"""030""","""0838247""","""After.Life""","""5.9"""
"""031""","""0088683""","""Agnes of God""","""6.6"""
"""032""","""0118571""","""Air Force One""","""6.4"""
"""033""","""0080339""","""Airplane!""","""7.8"""
"""034""","""0083530""","""Airplane II: The Sequel""","""6.1"""
"""036""","""0248667""","""Ali""","""6.8"""
"""038""","""2316204""","""Alien: Covenant""","""6.4"""
"""039""","""0094631""","""Alien Nation""","""6.3"""
"""040""","""0370263""","""AVP: Alien vs. Predator""","""5.6"""
"""041""","""0118583""","""Alien: Resurrection""","""6.3"""
"""042""","""0090605""","""Aliens""","""8.4"""
"""043""","""0042192""","""All About Eve""","""8.3"""
"""044""","""0881891""","""All About Steve""","""4.8"""
"""047""","""0181875""","""Almost Famous""","""7.9"""
"""048""","""0369226""","""Alone in the Dark""","""2.3"""
"""049""","""0086879""","""Amadeus""","""8.3"""
"""050""","""0211915""","""Le fabuleux destin d'Amélie Poulain""","""8.4"""
"""051""","""0169547""","""American Beauty""","""8.4"""
"""052""","""0765429""","""American Gangster""","""7.8"""
"""054""","""0120586""","""American History X""","""8.6"""
"""057""","""0163651""","""American Pie""","""7.0"""
"""058""","""0112346""","""The American President""","""6.8"""
"""059""","""0144084""","""American Psycho""","""7.6"""
"""060""","""0101327""","""American Shaolin""","""5.8"""
"""061""","""0305206""","""American Splendor""","""7.5"""
"""062""","""0082010""","""An American Werewolf in London""","""7.6"""
"""063""","""1174732""","""An Education""","""7.3"""
"""064""","""0289848""","""Analyze That""","""5.9"""
"""065""","""0122933""","""Analyze This""","""6.7"""
"""066""","""0118617""","""Anastasia""","""7.1"""
"""067""","""0225071""","""Angel Eyes""","""5.6"""
"""068""","""4158638""","""Angels and Demons""","""8.4"""
"""069""","""0075686""","""Annie Hall""","""8.1"""
"""070""","""0254099""","""The Anniversary Party""","""6.3"""
"""071""","""0218817""","""Antitrust""","""6.1"""
"""072""","""0120587""","""Antz""","""6.6"""
"""073""","""0053604""","""The Apartment""","""8.3"""
"""074""","""0078788""","""Apocalypse Now""","""8.5"""
"""076""","""0118636""","""Apt Pupil""","""6.7"""
"""080""","""0106308""","""Army of Darkness""","""7.6"""
"""081""","""0119822""","""As Good as It Gets""","""7.7"""
"""082""","""0112401""","""Assassins""","""6.3"""
"""083""","""5034474""","""The Assignment""","""4.5"""
"""084""","""0132512""","""At First Sight""","""5.9"""
"""085""","""0118655""","""Austin Powers: International Man of Mystery""","""7.0"""
"""086""","""0145660""","""Austin Powers: The Spy Who Shagged Me""","""6.6"""
"""087""","""0174480""","""Autumn in New York""","""5.5"""
"""088""","""0499549""","""Avatar""","""7.8"""
"""089""","""0848228""","""The Avengers""","""8.1"""
"""091""","""0099077""","""Awakenings""","""7.8"""
"""092""","""0449467""","""Babel""","""7.5"""
"""093""","""0086927""","""Bachelor Party""","""6.3"""
"""097""","""0101393""","""Backdraft""","""6.7"""
"""098""","""0112442""","""Bad Boys""","""6.8"""
"""099""","""0047849""","""Bad Day at Black Rock""","""7.8"""
"""100""","""1095217""","""The Bad Lieutenant: Port of Call - New Orleans""","""6.7"""
"""101""","""0307987""","""Bad Santa""","""7.1"""
"""102""","""3865236""","""Into the Badlands""","""8.1"""
"""103""","""0215545""","""Bamboozled""","""6.5"""
"""104""","""0072684""","""Barry Lyndon""","""8.1"""
"""106""","""0264395""","""Basic""","""6.5"""
"""107""","""0103772""","""Basic Instinct""","""6.9"""
"""108""","""0115632""","""Basquiat""","""6.9"""
"""109""","""0096895""","""Batman""","""7.6"""
"""110""","""0103776""","""Batman Returns""","""7.0"""
"""111""","""0058946""","""La battaglia di Algeri""","""8.1"""
"""112""","""0357470""","""The Battle of Shaker Heights""","""6.1"""
"""113""","""0163978""","""The Beach""","""6.6"""
"""114""","""0118689""","""Bean""","""6.4"""
"""115""","""0115641""","""Beavis and Butt-Head Do America""","""6.8"""
"""116""","""1595680""","""Being Human""","""7.5"""
"""117""","""0120601""","""Being John Malkovich""","""7.8"""
"""118""","""0078841""","""Being There""","""8.0"""
"""119""","""0247199""","""The Believer""","""7.2"""
"""120""","""0120603""","""Beloved""","""5.9"""
"""122""","""0094737""","""Big""","""7.3"""
"""123""","""0173664""","""Bear in the Big Blue House""","""6.8"""
"""124""","""0319061""","""Big Fish""","""8.0"""
"""125""","""0118715""","""The Big Lebowski""","""8.2"""
"""126""","""0402850""","""The Big White""","""6.4"""
"""127""","""0056869""","""The Birds""","""7.7"""
"""128""","""0188453""","""Birthday Girl""","""6.1"""
"""129""","""0387877""","""The Black Dahlia""","""5.6"""
"""130""","""0096933""","""Black Rain""","""6.6"""
"""131""","""0462200""","""Black Snake Moan""","""7.0"""
"""132""","""0120611""","""Blade""","""7.1"""
"""133""","""0187738""","""Blade II""","""6.7"""
"""134""","""0083658""","""Blade Runner""","""8.2"""
"""135""","""0359013""","""Blade: Trinity""","""5.9"""
"""136""","""0124298""","""Blast from the Past""","""6.6"""
"""137""","""0086979""","""Blood Simple.""","""7.7"""
"""138""","""0221027""","""Blow""","""7.6"""
"""139""","""0090756""","""Blue Velvet""","""7.8"""
"""141""","""0106447""","""Bodies  Rest & Motion""","""5.7"""
"""142""","""0082089""","""Body Heat""","""7.4"""
"""143""","""1587669""","""Body of Proof""","""7.1"""
"""144""","""0103855""","""The Bodyguard""","""6.2"""
"""145""","""0460627""","""Bones""","""7.9"""
"""146""","""0099165""","""The Bonfire of the Vanities""","""5.5"""
"""147""","""0061418""","""Bonnie and Clyde""","""7.9"""
"""148""","""0118749""","""Boogie Nights""","""7.9"""
"""149""","""1037705""","""The Book of Eli""","""6.9"""
"""150""","""1300851""","""The Boondock Saints II: All Saints Day""","""6.3"""
"""151""","""0144117""","""The Boondock Saints""","""7.9"""
"""152""","""0115734""","""Bottle Rocket""","""7.1"""
"""153""","""0115736""","""Bound""","""7.4"""
"""154""","""1038919""","""The Bounty Hunter""","""5.5"""
"""155""","""0258463""","""The Bourne Identity""","""7.9"""
"""157""","""0440963""","""The Bourne Ultimatum""","""8.1"""
"""158""","""0112573""","""Braveheart""","""8.4"""
"""159""","""0088846""","""Brazil""","""8.0"""
"""161""","""0118771""","""Breakdown""","""6.9"""
"""162""","""0088847""","""The Breakfast Club""","""7.9"""
"""163""","""1623205""","""Oz the Great and Powerful""","""6.3"""
"""164""","""0163988""","""Bringing Out the Dead""","""6.8"""
"""165""","""0092699""","""Broadcast News""","""7.2"""
"""166""","""0115759""","""Broken Arrow""","""6.0"""
"""167""","""0913425""","""Los abrazos rotos""","""7.2"""
"""168""","""0913425""","""Los abrazos rotos""","""7.2"""
"""169""","""0315327""","""Bruce Almighty""","""6.7"""
"""170""","""0118276""","""Buffy the Vampire Slayer""","""8.2"""
"""171""","""0094812""","""Bull Durham""","""7.1"""
"""173""","""1126591""","""Burlesque""","""6.4"""
"""174""","""0887883""","""Burn After Reading""","""7.0"""
"""175""","""0289879""","""The Butterfly Effect""","""7.7"""
"""176""","""0115798""","""The Cable Guy""","""6.0"""
"""177""","""0379725""","""Capote""","""7.4"""
"""178""","""0112641""","""Casino""","""8.2"""
"""179""","""0162222""","""Cast Away""","""7.7"""
"""180""","""0264464""","""Catch Me If You Can""","""8.1"""
"""182""","""0209958""","""The Cell""","""6.3"""
"""183""","""0337921""","""Cellular""","""6.5"""
"""184""","""0824747""","""Changeling""","""7.8"""
"""185""","""0115369""","""Spin City""","""7.3"""
"""186""","""0056923""","""Charade""","""8.0"""
"""187""","""0305357""","""Charlie's Angels: Full Throttle""","""4.8"""
"""189""","""0221069""","""Chasing Sleep""","""6.4"""
"""190""","""0175526""","""Cherry Falls""","""5.1"""
"""191""","""0071315""","""Chinatown""","""8.2"""
"""192""","""0363771""","""The Chronicles of Narnia: The Lion the Witch and the Wardrobe""","""6.9"""
"""193""","""0124315""","""The Cider House Rules""","""7.4"""
"""194""","""0059037""","""The Cincinnati Kid""","""7.3"""
"""195""","""0095765""","""Nuovo Cinema Paradiso""","""8.5"""
"""196""","""1629244""","""Cirque du Freak: The Vampire's Assistant - Guide to Becoming a Vampire""","""6.3"""
"""197""","""0033467""","""Citizen Kane""","""8.4"""
"""198""","""0103976""","""City of Joy""","""6.4"""
"""199""","""0800320""","""Clash of the Titans""","""5.8"""
"""200""","""0352045""","""Clerks.""","""5.3"""
"""201""","""0106582""","""Cliffhanger""","""6.4"""
"""204""","""0109450""","""Cobb""","""6.5"""
"""205""","""0088936""","""Code of Silence""","""6.0"""
"""206""","""0159365""","""Cold Mountain""","""7.2"""
"""208""","""0233469""","""Collateral Damage""","""5.5"""
"""209""","""0270288""","""Confessions of a Dangerous Mind""","""7.1"""
"""210""","""0310910""","""Confidence""","""6.7"""
"""211""","""0360486""","""Constantine""","""6.9"""
"""212""","""0318374""","""The Cooler""","""7.0"""
"""213""","""0112722""","""Copycat""","""6.6"""
"""214""","""0327597""","""Coraline""","""7.7"""
"""216""","""0306685""","""Cradle 2 the Grave""","""5.8"""
"""217""","""0479884""","""Crank""","""7.0"""
"""218""","""0375679""","""Crash""","""7.8"""
"""220""","""0310924""","""Crime Spree""","""6.6"""
"""221""","""0190332""","""Wo hu cang long""","""7.9"""
"""222""","""0159382""","""Croupier""","""7.2"""
"""223""","""0132910""","""The Crow: Salvation""","""5.0"""
"""224""","""0109506""","""The Crow""","""7.6"""
"""225""","""0115986""","""The Crow: City of Angels""","""4.5"""
"""226""","""0139134""","""Cruel Intentions""","""6.8"""
"""227""","""0104036""","""The Crying Game""","""7.3"""
"""229""","""0421715""","""The Curious Case of Benjamin Button""","""7.8"""
"""230""","""1299377""","""Playing for Keeps""","""5.5"""
"""231""","""1226271""","""The Damned United""","""7.6"""
"""232""","""0099348""","""Dances with Wolves""","""8.0"""
"""234""","""0069945""","""Dark Star""","""6.5"""
"""235""","""0099365""","""Darkman""","""6.4"""
"""236""","""1279935""","""Date Night""","""6.3"""
"""238""","""0088993""","""Day of the Dead""","""7.2"""
"""239""","""0068451""","""The Day the Clown Cried""","""?"""
"""240""","""0970416""","""The Day the Earth Stood Still""","""5.5"""
"""241""","""0077405""","""Days of Heaven""","""8.0"""
"""242""","""0097165""","""Dead Poets Society""","""8.0"""
"""243""","""0795368""","""Death at a Funeral""","""7.4"""
"""244""","""0266452""","""Death to Smoochy""","""6.4"""
"""246""","""0104073""","""Deep Cover""","""6.9"""
"""247""","""0118956""","""Deep Rising""","""6.0"""
"""248""","""0077416""","""The Deer Hunter""","""8.2"""
"""249""","""2189221""","""Defiance""","""7.0"""
"""250""","""0407887""","""The Departed""","""8.5"""
"""251""","""0165710""","""Detroit Rock City""","""6.8"""
"""252""","""0112857""","""Devil in a Blue Dress""","""6.7"""
"""253""","""0118971""","""The Devil's Advocate""","""7.5"""
"""254""","""0095016""","""Die Hard""","""8.2"""
"""255""","""0104114""","""The Distinguished Gentleman""","""5.8"""
"""256""","""0486822""","""Disturbia""","""6.9"""
"""257""","""0097216""","""Do the Right Thing""","""7.9"""
"""258""","""0072890""","""Dog Day Afternoon""","""8.0"""
"""260""","""0119008""","""Donnie Brasco""","""7.8"""
"""261""","""0101761""","""The Doors""","""7.2"""
"""262""","""0036775""","""Double Indemnity""","""8.3"""
"""263""","""1127180""","""Drag Me to Hell""","""6.6"""
"""264""","""0082288""","""Dragonslayer""","""6.7"""
"""265""","""0157503""","""Drop Dead Gorgeous""","""6.5"""
"""266""","""0097243""","""A Dry White Season""","""7.0"""
"""271""","""1059786""","""Eagle Eye""","""6.6"""
"""272""","""0765443""","""Eastern Promises""","""7.7"""
"""273""","""0131369""","""Edtv""","""6.1"""
"""274""","""0109707""","""Ed Wood""","""7.9"""
"""276""","""0271367""","""Eight Legged Freaks""","""5.4"""
"""278""","""0126886""","""Election""","""7.3"""
"""279""","""0080678""","""The Elephant Man""","""8.2"""
"""280""","""0414055""","""Elizabeth: The Golden Age""","""6.9"""
"""281""","""0120660""","""Enemy of the State""","""7.3"""
"""282""","""0116209""","""The English Patient""","""7.4"""
"""283""","""0137494""","""Entrapment""","""6.2"""
"""286""","""0195685""","""Erin Brockovich""","""7.3"""
"""288""","""0082340""","""Escape from New York""","""7.2"""
"""289""","""0338013""","""Eternal Sunshine of the Spotless Mind""","""8.3"""
"""290""","""0106834""","""Even Cowgirls Get the Blues""","""4.3"""
"""291""","""0119081""","""Event Horizon""","""6.7"""
"""292""","""0083907""","""The Evil Dead""","""7.6"""
"""293""","""0092991""","""Evil Dead II""","""7.8"""
"""294""","""0082348""","""Excalibur""","""7.4"""
"""295""","""1225822""","""Extract""","""6.2"""
"""296""","""0097322""","""The Fabulous Baker Boys""","""6.8"""
"""297""","""0119094""","""Face/Off""","""7.3"""
"""298""","""0977855""","""Fair Game""","""6.8"""
"""299""","""0218967""","""The Family Man""","""6.7"""
"""300""","""1502712""","""Fantastic Four""","""4.3"""
"""301""","""0432283""","""Fantastic Mr. Fox""","""7.8"""
"""302""","""2802850""","""Fargo""","""9.0"""
"""303""","""0083929""","""Fast Times at Ridgemont High""","""7.2"""
"""304""","""0106873""","""Fatal Instinct""","""5.7"""
"""305""","""0120669""","""Fear and Loathing in Las Vegas""","""7.7"""
"""307""","""0091042""","""Ferris Bueller's Day Off""","""7.8"""
"""308""","""0119116""","""Le cinquième élément""","""7.7"""
"""309""","""0137523""","""Fight Club""","""8.8"""
"""310""","""0195714""","""Final Destination""","""6.7"""
"""311""","""0309593""","""Final Destination 2""","""6.2"""
"""313""","""0065724""","""Five Easy Pieces""","""7.5"""
"""314""","""0089155""","""Fletch""","""6.9"""
"""315""","""0109813""","""The Flintstones""","""4.8"""
"""316""","""0109830""","""Forrest Gump""","""8.8"""
"""317""","""0005353""","""Four Feathers""","""7.3"""
"""318""","""0113101""","""Four Rooms""","""6.7"""
"""319""","""0488120""","""Fracture""","""7.2"""
"""320""","""0113117""","""French Kiss""","""6.5"""
"""321""","""1976009""","""Victor Frankenstein""","""6.0"""
"""322""","""0329101""","""Freddy vs. Jason""","""5.8"""
"""323""","""0067116""","""The French Connection""","""7.8"""
"""324""","""5531470""","""Frequency""","""7.7"""
"""325""","""0758746""","""Friday the 13th""","""5.6"""
"""326""","""0097388""","""Friday the 13th Part VIII: Jason Takes Manhattan""","""4.6"""
"""327""","""0116367""","""From Dusk Till Dawn""","""7.3"""
"""328""","""0460740""","""Cashback""","""7.2"""
"""329""","""0978759""","""Frozen River""","""7.2"""
"""330""","""0106977""","""The Fugitive""","""7.8"""
"""331""","""1201167""","""Funny People""","""6.4"""
"""332""","""0119173""","""G.I. Jane""","""5.9"""
"""333""","""1046173""","""G.I. Joe: The Rise of Cobra""","""5.8"""
"""334""","""0425055""","""Game 6""","""5.9"""
"""335""","""0119174""","""The Game""","""7.8"""
"""336""","""1034032""","""Gamer""","""5.8"""
"""337""","""0083987""","""Gandhi""","""8.1"""
"""338""","""2719784""","""Gang Related""","""7.6"""
"""339""","""0217505""","""Gangs of New York""","""7.5"""
"""340""","""0119177""","""Gattaca""","""7.8"""
"""341""","""0208988""","""Get Carter""","""5.1"""
"""343""","""0068638""","""The Getaway""","""7.5"""
"""344""","""0099653""","""Ghost""","""7.0"""
"""346""","""0259324""","""Ghost Rider""","""5.2"""
"""347""","""1187064""","""Triangle""","""6.9"""
"""348""","""0162346""","""Ghost World""","""7.4"""
"""349""","""1289401""","""Ghostbusters""","""5.4"""
"""350""","""0097428""","""Ghostbusters II""","""6.5"""
"""351""","""0210070""","""Ginger Snaps""","""6.8"""
"""352""","""0172495""","""Gladiator""","""8.5"""
"""354""","""0139239""","""Go""","""7.3"""
"""355""","""0068646""","""The Godfather""","""9.2"""
"""356""","""0071562""","""The Godfather: Part II""","""9.0"""
"""357""","""0120684""","""Gods and Monsters""","""7.5"""
"""358""","""4262980""","""Shin Gojira""","""6.9"""
"""359""","""0187078""","""Gone in Sixty Seconds""","""6.5"""
"""361""","""0119217""","""Good Will Hunting""","""8.3"""
"""362""","""0348836""","""Gothika""","""5.8"""
"""363""","""0061722""","""The Graduate""","""8.0"""
"""364""","""1205489""","""Gran Torino""","""8.2"""
"""365""","""0113101""","""Four Rooms""","""6.7"""
"""366""","""0338075""","""Grand Theft Parsons""","""6.1"""
"""368""","""0120689""","""The Green Mile""","""8.5"""
"""369""","""0087363""","""Gremlins""","""7.2"""
"""370""","""0099700""","""Gremlins 2: The New Batch""","""6.3"""
"""371""","""0099703""","""The Grifters""","""7.0"""
"""372""","""0119229""","""Grosse Pointe Blank""","""7.4"""
"""373""","""0107048""","""Groundhog Day""","""8.0"""
"""374""","""0391198""","""The Grudge""","""5.9"""
"""375""","""0113243""","""Hackers""","""6.2"""
"""376""","""0113253""","""Halloween: The Curse of Michael Myers""","""5.0"""
"""377""","""0448157""","""Hancock""","""6.4"""
"""378""","""1119646""","""The Hangover""","""7.8"""
"""379""","""0091167""","""Hannah and Her Sisters""","""8.0"""
"""382""","""0095016""","""Die Hard""","""8.2"""
"""383""","""0099739""","""Hard to Kill""","""5.7"""
"""384""","""0366551""","""Harold & Kumar Go to White Castle""","""7.1"""
"""385""","""0171363""","""The Haunting""","""4.9"""
"""386""","""1001508""","""He's Just Not That Into You""","""6.4"""
"""387""","""0113277""","""Heat""","""8.2"""
"""388""","""0097493""","""Heathers""","""7.3"""
"""389""","""0110005""","""Heavenly Creatures""","""7.4"""
"""391""","""0317640""","""The Hebrew Hammer""","""6.2"""
"""393""","""0095294""","""Hellbound: Hellraiser II""","""6.5"""
"""394""","""0167190""","""Hellboy""","""6.8"""
"""395""","""0411477""","""Hellboy II: The Golden Army""","""7.0"""
"""396""","""0093177""","""Hellraiser""","""7.0"""
"""397""","""0104409""","""Hellraiser III: Hell on Earth""","""5.4"""
"""398""","""0337636""","""Hellraiser: Deader""","""4.6"""
"""399""","""0274546""","""Hellraiser: Hellseeker""","""5.1"""
"""400""","""0122529""","""Henry Fool""","""7.3"""
"""401""","""0146882""","""High Fidelity""","""7.5"""
"""402""","""0091203""","""Highlander""","""7.2"""
"""403""","""0144964""","""Highlander: Endgame""","""4.6"""
"""404""","""0032599""","""His Girl Friday""","""8.0"""
"""405""","""0371724""","""The Hitchhiker's Guide to the Galaxy""","""6.8"""
"""406""","""0164052""","""Hollow Man""","""5.7"""
"""407""","""0829193""","""Honeydripper""","""6.8"""
"""408""","""0119314""","""The Horse Whisperer""","""6.6"""
"""409""","""0431197""","""The Kingdom""","""7.1"""
"""410""","""0340163""","""Hostage""","""6.6"""
"""411""","""1231587""","""Hot Tub Time Machine""","""6.4"""
"""412""","""0395169""","""Hotel Rwanda""","""8.1"""
"""413""","""0251736""","""House of 1000 Corpses""","""6.0"""
"""414""","""0102070""","""Hudson Hawk""","""5.7"""
"""415""","""0110074""","""The Hudsucker Proxy""","""7.3"""
"""416""","""0219822""","""Human Nature""","""6.4"""
"""417""","""0277027""","""I Am Sam""","""7.6"""
"""418""","""1045772""","""I Love You Phillip Morris""","""6.6"""
"""419""","""0130018""","""I Still Know What You Did Last Summer""","""4.6"""
"""420""","""0110097""","""I'll Do Anything""","""5.6"""
"""421""","""0343818""","""I,  Robot""","""7.1"""
"""422""","""0119349""","""The Ice Storm""","""7.5"""
"""423""","""1054606""","""The Imaginarium of Doctor Parnassus""","""6.8"""
"""424""","""1226774""","""In the Loop""","""7.5"""
"""426""","""0116629""","""Independence Day""","""6.9"""
"""427""","""0097576""","""Indiana Jones and the Last Crusade""","""8.3"""
"""428""","""0082971""","""Raiders of the Lost Ark""","""8.5"""
"""429""","""0087469""","""Indiana Jones and the Temple of Doom""","""7.6"""
"""430""","""0082971""","""Raiders of the Lost Ark""","""8.5"""
"""432""","""0140352""","""The Insider""","""7.9"""
"""433""","""0278504""","""Insomnia""","""7.2"""
"""434""","""0110148""","""Interview with the Vampire: The Vampire Chronicles""","""7.6"""
"""435""","""0758758""","""Into the Wild""","""8.1"""
"""436""","""0138524""","""Intolerable Cruelty""","""6.3"""
"""437""","""0119381""","""Inventing the Abbotts""","""6.4"""
"""438""","""1058017""","""The Invention of Lying""","""6.4"""
"""439""","""0399201""","""The Island""","""6.9"""
"""442""","""0038650""","""It's a Wonderful Life""","""8.6"""
"""444""","""0317740""","""The Italian Job""","""7.0"""
"""445""","""0366627""","""The Jacket""","""7.1"""
"""446""","""0119396""","""Jackie Brown""","""7.5"""
"""449""","""0211443""","""Jason X""","""4.4"""
"""450""","""0073195""","""Jaws""","""8.0"""
"""451""","""0077766""","""Jaws 2""","""5.7"""
"""452""","""0261392""","""Jay and Silent Bob Strike Back""","""6.9"""
"""453""","""0104549""","""Jennifer Eight""","""6.2"""
"""455""","""0116695""","""Jerry Maguire""","""7.3"""
"""456""","""0102138""","""JFK""","""8.0"""
"""457""","""0425151""","""Jimmy and Judy""","""6.2"""
"""458""","""0251160""","""John Q""","""7.1"""
"""459""","""0467406""","""Juno""","""7.5"""
"""460""","""0107290""","""Jurassic Park""","""8.1"""
"""461""","""0163025""","""Jurassic Park III""","""5.9"""
"""462""","""0119567""","""The Lost World: Jurassic Park""","""6.5"""
"""464""","""0107302""","""Kalifornia""","""6.7"""
"""466""","""0113540""","""Kids""","""7.0"""
"""467""","""0266697""","""Kill Bill: Vol. 1""","""8.1"""
"""468""","""0110265""","""Killing Zoe""","""6.5"""
"""469""","""0360717""","""King Kong""","""7.2"""
"""470""","""0085794""","""The King of Comedy""","""7.8"""
"""472""","""0367882""","""Indiana Jones and the Kingdom of the Crystal Skull""","""6.2"""
"""474""","""0067309""","""Klute""","""7.2"""
"""475""","""0079417""","""Kramer vs. Kramer""","""7.8"""
"""476""","""0119485""","""Kundun""","""7.0"""
"""477""","""0441773""","""Kung Fu Panda""","""7.6"""
"""478""","""0119488""","""L.A. Confidential""","""8.3"""
"""481""","""0335245""","""The Ladykillers""","""6.2"""
"""482""","""0139414""","""Lake Placid""","""5.6"""
"""483""","""0418819""","""Land of the Dead""","""6.2"""
"""484""","""0102266""","""The Last Boy Scout""","""6.9"""
"""485""","""1046947""","""Last Chance Harvey""","""6.7"""
"""486""","""0081031""","""The Last Flight of Noah's Ark""","""5.8"""
"""487""","""0104691""","""The Last of the Mohicans""","""7.8"""
"""488""","""0325710""","""The Last Samurai""","""7.7"""
"""489""","""0824758""","""The Last Station""","""7.0"""
"""490""","""1197624""","""Law Abiding Citizen""","""7.4"""
"""491""","""0113627""","""Leaving Las Vegas""","""7.6"""
"""494""","""5114356""","""Legion""","""8.7"""
"""495""","""2802154""","""Leviafan""","""7.6"""
"""496""","""0119528""","""Liar Liar""","""6.8"""
"""497""","""5442430""","""Life""","""7.0"""
"""498""","""0264796""","""Life as a House""","""7.5"""
"""499""","""0289992""","""The Life of David Gale""","""7.6"""
"""500""","""0102307""","""Light Sleeper""","""6.8"""
"""501""","""0165854""","""The Limey""","""7.1"""
"""503""","""0417907""","""Little Athens""","""5.6"""
"""505""","""0185431""","""Little Nicky""","""5.3"""
"""506""","""0113677""","""Living in Oblivion""","""7.6"""
"""507""","""0120735""","""Lock  Stock and Two Smoking Barrels""","""8.2"""
"""509""","""0116905""","""Lone Star""","""7.6"""
"""510""","""0116908""","""The Long Kiss Goodnight""","""6.7"""
"""511""","""0113690""","""Lord of Illusions""","""6.0"""
"""512""","""0120737""","""The Lord of the Rings: The Fellowship of the Ring""","""8.8"""
"""513""","""0167260""","""The Lord of the Rings: The Return of the King""","""8.9"""
"""515""","""0399295""","""Lord of War""","""7.6"""
"""516""","""0480255""","""The Losers""","""6.4"""
"""517""","""0116922""","""Lost Highway""","""7.6"""
"""518""","""0029162""","""Lost Horizon""","""7.8"""
"""519""","""0120738""","""Lost in Space""","""5.1"""
"""520""","""0335266""","""Lost in Translation""","""7.8"""
"""521""","""0573921""","""Love and Basketball""","""7.3"""
"""523""","""0175880""","""Magnolia""","""8.0"""
"""524""","""0268995""","""The Majestic""","""6.9"""
"""525""","""0097815""","""Major League""","""7.2"""
"""526""","""0104797""","""Malcolm X""","""7.7"""
"""527""","""0328099""","""Malibu's Most Wanted""","""5.1"""
"""528""","""0120744""","""The Man in the Iron Mask""","""6.5"""
"""529""","""0328107""","""Man on Fire""","""7.7"""
"""530""","""0125664""","""Man on the Moon""","""7.4"""
"""531""","""1013743""","""Knight and Day""","""6.3"""
"""532""","""0049470""","""The Man Who Knew Too Much""","""7.5"""
"""533""","""0243133""","""The Man Who Wasn't There""","""7.6"""
"""534""","""0368008""","""The Manchurian Candidate""","""6.6"""
"""535""","""0091474""","""Manhunter""","""7.2"""
"""536""","""0757361""","""Margot at the Wedding""","""6.1"""
"""537""","""0112851""","""Desperado""","""7.2"""
"""538""","""1485544""","""Ziggy Marley and Melody Makers/Tevin Campbell/Public Enemy""","""?"""
"""539""","""0048356""","""Marty""","""7.7"""
"""541""","""0110475""","""The Mask""","""6.9"""
"""543""","""0133093""","""The Matrix""","""8.7"""
"""544""","""0467197""","""Max Payne""","""5.4"""
"""545""","""0119643""","""Meet Joe Black""","""7.1"""
"""547""","""1001526""","""Megamind""","""7.3"""
"""548""","""0209144""","""Memento""","""8.5"""
"""549""","""0119654""","""Men in Black""","""7.3"""
"""550""","""1234548""","""The Men Who Stare at Goats""","""6.2"""
"""551""","""0090095""","""Subway""","""6.5"""
"""552""","""0086759""","""Miami Vice""","""7.5"""
"""553""","""0064665""","""Midnight Cowboy""","""7.9"""
"""555""","""0113820""","""Mighty Morphin Power Rangers: The Movie""","""5.1"""
"""556""","""1013753""","""Milk""","""7.6"""
"""558""","""0119675""","""Mimic""","""5.9"""
"""560""","""0181689""","""Minority Report""","""7.7"""
"""562""","""0790686""","""Mirrors""","""6.2"""
"""564""","""0117060""","""Mission: Impossible""","""7.1"""
"""565""","""0120755""","""Mission: Impossible II""","""6.1"""
"""566""","""0183523""","""Mission to Mars""","""5.6"""
"""567""","""0166276""","""Monkeybone""","""4.7"""
"""569""","""1182345""","""Moon""","""7.9"""
"""570""","""0093565""","""Moonstruck""","""7.1"""
"""571""","""0422774""","""Are We Done Yet?""","""4.0"""
"""572""","""0780571""","""Mr. Brooks""","""7.4"""
"""573""","""0027996""","""Mr. Deeds Goes to Town""","""8.0"""
"""575""","""0119280""","""Mrs Brown""","""7.3"""
"""577""","""0166924""","""Mulholland Dr.""","""8.0"""
"""578""","""0140397""","""Mumford""","""6.9"""
"""579""","""2345759""","""The Mummy""","""5.4"""
"""580""","""0166943""","""Music of the Heart""","""6.7"""
"""581""","""0119738""","""My Best Friend's Wedding""","""6.3"""
"""582""","""0102492""","""My Girl""","""6.8"""
"""583""","""0177023""","""My Mother Dreams the Satan's Disciples in New York""","""7.3"""
"""584""","""0132347""","""Mystery Men""","""6.0"""
"""586""","""2281375""","""Nashville""","""7.7"""
"""587""","""0110632""","""Natural Born Killers""","""7.3"""
"""591""","""0104990""","""Newsies""","""7.0"""
"""592""","""0435705""","""Next""","""6.2"""
"""593""","""0195945""","""Next Friday""","""6.1"""
"""594""","""1458175""","""The Next Three Days""","""7.4"""
"""595""","""0113972""","""Nick of Time""","""6.3"""
"""599""","""0087800""","""A Nightmare on Elm Street""","""7.5"""
"""600""","""0101917""","""Freddy's Dead: The Final Nightmare""","""4.9"""
"""601""","""0810988""","""The Nines""","""6.4"""
"""602""","""1186367""","""Ninja Assassin""","""6.4"""
"""603""","""0031725""","""Ninotchka""","""8.0"""
"""605""","""0125439""","""Notting Hill""","""7.0"""
"""606""","""0171580""","""Nurse Betty""","""6.2"""
"""607""","""0190590""","""O Brother  Where Art Thou?""","""7.7"""
"""608""","""1197628""","""Observe and Report""","""5.8"""
"""609""","""0324554""","""Wicker Park""","""7.0"""
"""615""","""0073486""","""One Flew Over the Cuckoo's Nest""","""8.7"""
"""616""","""0081283""","""Ordinary People""","""7.8"""
"""618""","""1148204""","""Orphan""","""7.0"""
"""619""","""0467200""","""The Other Boleyn Girl""","""6.7"""
"""620""","""0120780""","""Out of Sight""","""7.0"""
"""621""","""0395699""","""The Pacifier""","""5.6"""
"""622""","""0258000""","""Panic Room""","""6.8"""
"""623""","""4687882""","""Patriot""","""8.2"""
"""624""","""0213149""","""Pearl Harbor""","""6.1"""
"""625""","""0054167""","""Peeping Tom""","""7.7"""
"""628""","""0107808""","""A Perfect World""","""7.5"""
"""629""","""0098084""","""Pet Sematary""","""6.6"""
"""630""","""0105128""","""Pet Sematary II""","""4.8"""
"""631""","""0063426""","""Petulia""","""7.3"""
"""632""","""0472954""","""It's Always Sunny in Philadelphia""","""8.8"""
"""633""","""0183649""","""Phone Booth""","""7.1"""
"""634""","""0138704""","""Pi""","""7.5"""
"""635""","""0253474""","""The Pianist""","""8.5"""
"""636""","""0107822""","""The Piano""","""7.6"""
"""637""","""0910936""","""Pineapple Express""","""7.0"""
"""638""","""0325980""","""Pirates of the Caribbean: The Curse of the Black Pearl""","""8.0"""
"""640""","""0134847""","""Pitch Black""","""7.1"""
"""641""","""0133152""","""Planet of the Apes""","""5.7"""
"""642""","""0022268""","""Platinum Blonde""","""6.9"""
"""643""","""0091763""","""Platoon""","""8.1"""
"""644""","""0120789""","""Pleasantville""","""7.5"""
"""645""","""0102685""","""Point Break""","""7.2"""
"""647""","""0110877""","""Il postino""","""7.7"""
"""648""","""0105159""","""The Power of One""","""7.2"""
"""649""","""0929632""","""Precious""","""7.3"""
"""650""","""3829266""","""The Predator""","""5.4"""
"""651""","""0100405""","""Pretty Woman""","""6.9"""
"""652""","""0093779""","""The Princess Bride""","""8.1"""
"""653""","""0066249""","""The Private Life of Sherlock Holmes""","""7.2"""
"""655""","""0042116""","""The Jack Benny Program""","""8.7"""
"""656""","""0114194""","""The Prophecy""","""6.6"""
"""657""","""1041829""","""The Proposal""","""6.7"""
"""658""","""0054215""","""Psycho""","""8.5"""
"""659""","""1152836""","""Public Enemies""","""7.0"""
"""660""","""0110912""","""Pulp Fiction""","""8.9"""
"""661""","""0272338""","""Punch-Drunk Love""","""7.3"""
"""662""","""0087957""","""Purple Rain""","""6.5"""
"""664""","""0238546""","""Queen of the Damned""","""5.3"""
"""665""","""0436697""","""The Queen""","""7.3"""
"""666""","""1084950""","""Rachel Getting Married""","""6.7"""
"""667""","""0081398""","""Raging Bull""","""8.2"""
"""668""","""0093822""","""Raising Arizona""","""7.4"""
"""669""","""0102753""","""Rambling Rose""","""6.7"""
"""670""","""0089880""","""Rambo: First Blood Part II""","""6.4"""
"""671""","""0976051""","""The Reader""","""7.6"""
"""672""","""0089886""","""Real Genius""","""7.0"""
"""673""","""0047396""","""Rear Window""","""8.5"""
"""675""","""4939064""","""Mars""","""7.5"""
"""677""","""0120004""","""The Relic""","""5.7"""
"""678""","""1403981""","""Remember Me""","""7.2"""
"""679""","""0191397""","""The Replacements""","""6.5"""
"""682""","""0105236""","""Reservoir Dogs""","""8.3"""
"""683""","""0120804""","""Resident Evil""","""6.7"""
"""685""","""0959337""","""Revolutionary Road""","""7.3"""
"""686""","""4287320""","""The Circle""","""5.3"""
"""688""","""0898367""","""The Road""","""7.3"""
"""689""","""0102798""","""Robin Hood: Prince of Thieves""","""6.9"""
"""691""","""0117500""","""The Rock""","""7.4"""
"""692""","""1032755""","""RocknRolla""","""7.3"""
"""693""","""0075148""","""Rocky""","""8.1"""
"""694""","""0073629""","""The Rocky Horror Picture Show""","""7.4"""
"""695""","""0117509""","""Romeo + Juliet""","""6.8"""
"""696""","""0122690""","""Ronin""","""7.3"""
"""697""","""0047736""","""Gunsmoke""","""8.0"""
"""698""","""0963794""","""The Ruins""","""5.9"""
"""699""","""0163187""","""Runaway Bride""","""5.5"""
"""700""","""0120812""","""Rush Hour""","""6.9"""
"""701""","""0266915""","""Rush Hour 2""","""6.6"""
"""703""","""0246578""","""Donnie Darko""","""8.1"""
"""704""","""0120053""","""The Saint""","""6.2"""
"""705""","""0235737""","""The Salton Sea""","""7.2"""
"""706""","""0108037""","""The Sandlot""","""7.8"""
"""707""","""0206275""","""Save the Last Dance""","""6.2"""
"""708""","""0120815""","""Saving Private Ryan""","""8.6"""
"""710""","""0086250""","""Scarface""","""8.3"""
"""713""","""3921180""","""Scream: The TV Series""","""7.3"""
"""714""","""0120082""","""Scream 2""","""6.1"""
"""715""","""0134084""","""Scream 3""","""5.5"""
"""716""","""0114369""","""Se7en""","""8.6"""
"""717""","""0049730""","""The Searchers""","""8.0"""
"""718""","""0839980""","""Semi-Pro""","""5.8"""
"""719""","""0114388""","""Sense and Sensibility""","""7.7"""
"""720""","""0379786""","""Serenity""","""7.9"""
"""721""","""0111127""","""Serial Mom""","""6.7"""
"""723""","""0159206""","""Sex and the City""","""7.0"""
"""724""","""0098724""","""Sex, Lies, and Videotape""","""7.2"""
"""725""","""0376874""","""Sexual Life""","""5.1"""
"""728""","""0111149""","""Shallow Grave""","""7.4"""
"""729""","""0073692""","""Shampoo""","""6.3"""
"""730""","""0111161""","""The Shawshank Redemption""","""9.3"""
"""731""","""0815236""","""She's Out of My League""","""6.4"""
"""732""","""0988045""","""Sherlock Holmes""","""7.6"""
"""733""","""0081505""","""The Shining""","""8.4"""
"""734""","""0120824""","""The Shipping News""","""6.8"""
"""735""","""0073705""","""Shivers""","""6.6"""
"""737""","""0375063""","""Sideways""","""7.5"""
"""738""","""0074156""","""Assault on Precinct 13""","""7.4"""
"""739""","""0286106""","""Signs""","""6.7"""
"""740""","""0102926""","""The Silence of the Lambs""","""8.6"""
"""741""","""1074638""","""Skyfall""","""7.8"""
"""742""","""0258153""","""S1m0ne""","""6.1"""
"""743""","""0105417""","""Sister Act""","""6.3"""
"""744""","""0167404""","""The Sixth Sense""","""8.1"""
"""745""","""0108160""","""Sleepless in Seattle""","""6.8"""
"""746""","""2647544""","""Sleepy Hollow""","""7.5"""
"""747""","""0117666""","""Sling Blade""","""8.0"""
"""748""","""0439815""","""Slither""","""6.5"""
"""749""","""1010048""","""Slumdog Millionaire""","""8.0"""
"""751""","""5992164""","""Snatch""","""6.9"""
"""753""","""0120834""","""Snow Falling on Cedars""","""6.8"""
"""754""","""0108174""","""So I Married an Axe Murderer""","""6.4"""
"""755""","""0069293""","""Solyaris""","""8.1"""
"""756""","""0120157""","""Soldier""","""6.0"""
"""757""","""0094008""","""Someone to Watch Over Me""","""6.1"""
"""758""","""0337741""","""Something's Gotta Give""","""6.7"""
"""760""","""0371246""","""Spanglish""","""6.4"""
"""761""","""0108200""","""Spare Me""","""6.8"""
"""762""","""1073498""","""Meet the Spartans""","""2.7"""
"""764""","""0811080""","""Speed Racer""","""6.1"""
"""765""","""0120184""","""Sphere""","""6.0"""
"""766""","""0145487""","""Spider-Man""","""7.3"""
"""767""","""0060028""","""Star Trek""","""8.4"""
"""768""","""0084726""","""Star Trek: The Wrath of Khan""","""7.7"""
"""769""","""0117731""","""Star Trek: First Contact""","""7.6"""
"""770""","""0111280""","""Star Trek: Generations""","""6.6"""
"""771""","""0120844""","""Star Trek: Insurrection""","""6.4"""
"""772""","""0079945""","""Star Trek: The Motion Picture""","""6.4"""
"""774""","""0121765""","""Star Wars: Episode II - Attack of the Clones""","""6.7"""
"""775""","""0086190""","""Star Wars: Episode VI - Return of the Jedi""","""8.4"""
"""777""","""0080684""","""Star Wars: Episode V - The Empire Strikes Back""","""8.8"""
"""779""","""0088172""","""Starman""","""7.0"""
"""780""","""0120201""","""Starship Troopers""","""7.2"""
"""781""","""0120202""","""State and Main""","""6.8"""
"""782""","""0040835""","""Station West""","""6.7"""
"""783""","""0120686""","""Stepmom""","""6.7"""
"""784""","""0070735""","""The Sting""","""8.3"""
"""785""","""0164181""","""Stir of Echoes""","""7.0"""
"""786""","""0250081""","""Storytelling""","""6.9"""
"""787""","""0114558""","""Strange Days""","""7.2"""
"""788""","""0044079""","""Strangers on a Train""","""8.0"""
"""789""","""0081568""","""The Stunt Man""","""7.2"""
"""790""","""0990413""","""Sugar""","""7.2"""
"""792""","""0043014""","""Sunset Blvd.""","""8.5"""
"""793""","""0862846""","""Sunshine Cleaning""","""6.9"""
"""794""","""0829482""","""Superbad""","""7.6"""
"""797""","""0418206""","""The Surfer King""","""3.9"""
"""798""","""0324127""","""Suspect Zero""","""5.9"""
"""799""","""0120255""","""The Sweet Hereafter""","""7.7"""
"""800""","""0051036""","""Sweet Smell of Success""","""8.2"""
"""801""","""0117802""","""Swingers""","""7.4"""
"""802""","""0244244""","""Swordfish""","""6.5"""
"""803""","""0383028""","""Synecdoche  New York""","""7.6"""
"""804""","""0364045""","""Taking Lives""","""6.2"""
"""805""","""0260414""","""Taking Sides""","""7.2"""
"""806""","""0134119""","""The Talented Mr. Ripley""","""7.3"""
"""808""","""0075314""","""Taxi Driver""","""8.3"""
"""809""","""0088247""","""The Terminator""","""8.0"""
"""810""","""0103064""","""Terminator 2: Judgment Day""","""8.5"""
"""811""","""0438488""","""Terminator Salvation""","""6.6"""
"""815""","""0084787""","""The Thing""","""8.2"""
"""816""","""0146309""","""Thirteen Days""","""7.3"""
"""818""","""0120188""","""Three Kings""","""7.1"""
"""819""","""0033788""","""Kings of the Turf""","""5.4"""
"""820""","""0094137""","""3 Men and a Baby""","""5.9"""
"""821""","""1509767""","""The Three Musketeers""","""5.8"""
"""822""","""0105585""","""Thunderheart""","""6.8"""
"""824""","""0857295""","""Timber Falls""","""5.3"""
"""825""","""0268695""","""The Time Machine""","""5.9"""
"""826""","""0117918""","""Tin Cup""","""6.3"""
"""827""","""0319262""","""The Day After Tomorrow""","""6.4"""
"""828""","""0120338""","""Titanic""","""7.7"""
"""829""","""0453556""","""TMNT""","""6.3"""
"""830""","""0100791""","""To Sleep with Anger""","""7.1"""
"""831""","""0108358""","""Tombstone""","""7.8"""
"""832""","""0120347""","""Tomorrow Never Dies""","""6.5"""
"""833""","""0092099""","""Top Gun""","""6.9"""
"""834""","""0100802""","""Total Recall""","""7.5"""
"""835""","""1243957""","""The Tourist""","""6.0"""
"""836""","""0114709""","""Toy Story""","""8.3"""
"""837""","""0181865""","""Traffic""","""7.6"""
"""839""","""0117951""","""Trainspotting""","""8.2"""
"""840""","""0092106""","""The Transformers: The Movie""","""7.3"""
"""841""","""0100814""","""Tremors""","""7.1"""
"""843""","""1104001""","""Tron""","""6.8"""
"""844""","""0942385""","""Tropic Thunder""","""7.0"""
"""846""","""0111503""","""True Lies""","""7.2"""
"""847""","""0108399""","""True Romance""","""8.0"""
"""848""","""0120382""","""The Truman Show""","""8.1"""
"""849""","""1099212""","""Twilight""","""5.2"""
"""850""","""1259571""","""The Twilight Saga: New Moon""","""4.6"""
"""851""","""0098936""","""Twin Peaks""","""8.9"""
"""852""","""0094964""","""Dead Ringers""","""7.3"""
"""853""","""0417217""","""Two for the Money""","""6.2"""
"""854""","""0120399""","""U Turn""","""6.8"""
"""855""","""0217869""","""Unbreakable""","""7.2"""
"""857""","""1049413""","""Up""","""8.3"""
"""858""","""1193138""","""Up in the Air""","""7.4"""
"""860""","""0434409""","""V for Vendetta""","""8.2"""
"""861""","""0985699""","""Valkyrie""","""7.1"""
"""862""","""0259711""","""Vanilla Sky""","""6.9"""
"""863""","""0084855""","""The Verdict""","""7.8"""
"""865""","""0124198""","""Very Bad Things""","""6.3"""
"""867""","""0114857""","""Virtuosity""","""5.5"""
"""868""","""0133152""","""Planet of the Apes""","""5.7"""
"""869""","""0120885""","""Wag the Dog""","""7.1"""
"""870""","""0281358""","""A Walk to Remember""","""7.4"""
"""871""","""0351977""","""Walking Tall""","""6.2"""
"""872""","""0094291""","""Wall Street""","""7.4"""
"""873""","""1666185""","""All Eyez on Me""","""5.8"""
"""874""","""0493464""","""Wanted""","""6.7"""
"""875""","""0407304""","""War of the Worlds""","""6.5"""
"""876""","""0423510""","""Warm Springs""","""7.7"""
"""877""","""0409459""","""Watchmen""","""7.6"""
"""878""","""0498399""","""We Own the Night""","""6.9"""
"""879""","""0103241""","""What About Bob?""","""7.0"""
"""880""","""0161081""","""What Lies Beneath""","""6.6"""
"""881""","""0455857""","""When a Stranger Calls""","""5.0"""
"""883""","""0887971""","""While She Was Out""","""4.8"""
"""884""","""0047673""","""White Christmas""","""7.6"""
"""885""","""0892384""","""White Jazz""","""?"""
"""887""","""0118158""","""White Squall""","""6.6"""
"""888""","""0365929""","""Whiteout""","""5.5"""
"""889""","""0096438""","""Who Framed Roger Rabbit""","""7.7"""
"""891""","""0100935""","""Wild at Heart""","""7.2"""
"""892""","""0065214""","""The Wild Bunch""","""8.0"""
"""893""","""0386117""","""Where the Wild Things Are""","""6.8"""
"""895""","""0120891""","""Wild Wild West""","""4.8"""
"""896""","""0096446""","""Willow""","""7.3"""
"""897""","""0120347""","""Tomorrow Never Dies""","""6.5"""
"""899""","""0090329""","""Witness""","""7.4"""
"""901""","""0185014""","""Wonder Boys""","""7.4"""
"""902""","""0361127""","""The Woodsman""","""7.2"""
"""904""","""1125849""","""The Wrestler""","""7.9"""
"""905""","""0106179""","""The X Files""","""8.7"""
"""906""","""0120903""","""X-Men""","""7.4"""
"""907""","""0458525""","""X-Men Origins: Wolverine""","""6.7"""
"""908""","""0295701""","""xXx""","""5.8"""
"""910""","""1068680""","""Yes Man""","""6.8"""
"""911""","""0203230""","""You Can Count on Me""","""7.7"""
"""913""","""0403702""","""Youth in Revolt""","""6.5"""
"""914""","""0421090""","""Zerophilia""","""6.3"""
